{"rmse": 2.906494023048328, "mean": 2.640428842875468, "median": 2.452567015316328, "std": 1.2148428012409553, "min": 0.41980826146762523, "max": 12.521220015002097, "sse": 29862.646033765333}