{"rmse": 12.12739176726826, "mean": 4.304172558013592, "median": 1.0784273631713026, "std": 11.337889118687338, "min": 0.053873774208596306, "max": 156.38750967272554, "sse": 69124.60660609882}