{"rmse": 15.05688166546757, "mean": 12.820904392409915, "median": 13.025791771949528, "std": 7.895194490864529, "min": 0.460565763763174, "max": 23.22260311641899, "sse": 106553.55217930993}